{
  "project_name": "stavki_value_system",
  "language": "python",
  "style_rules": {
    "code_quality": [
      "type hints everywhere",
      "no hardcoded secrets",
      "use dataclasses for configs",
      "write unit tests for core math",
      "log every step"
    ],
    "runtime": [
      "python 3.11+",
      "works on macOS and Ubuntu",
      "no GPU required for MVP"
    ]
  },
  "global_constraints": {
    "no_illegal_actions": [
      "Do NOT include instructions to bypass bookmaker security or ToS.",
      "Auto-betting must be optional and disabled by default."
    ],
    "safety": [
      "Implement DRY_RUN mode default true",
      "Require explicit flag to enable any execution module"
    ]
  },
  "deliverable_format": {
    "output": "Multiple files",
    "must_include": [
      "README.md with step-by-step run instructions",
      "requirements.txt",
      ".env.example",
      "src/ package with modules",
      "tests/ with pytest tests",
      "logs/ ignored by git"
    ]
  },
  "task": {
    "id": "T010_data_ingestion",
    "goal": "Implement data ingestion for football CSV (football-data style) and normalized match table",
    "inputs": {
      "data_sources": [
        "local CSV files in data/raw/",
        "optional downloader from URL list"
      ]
    },
    "outputs": [
      "src/data/ingest_football_data.py",
      "src/data/schema.py",
      "src/data/storage.py"
    ],
    "acceptance_tests": [
      "Loads CSV -> produces normalized dataframe with columns: date, league, home_team, away_team, home_goals, away_goals, odds_1, odds_x, odds_2",
      "Handles missing odds gracefully"
    ]
  }
}