{
  "project_name": "stavki_value_system",
  "language": "python",
  "style_rules": {
    "code_quality": [
      "type hints everywhere",
      "no hardcoded secrets",
      "use dataclasses for configs",
      "write unit tests for core math",
      "log every step"
    ],
    "runtime": [
      "python 3.11+",
      "works on macOS and Ubuntu",
      "no GPU required for MVP"
    ]
  },
  "global_constraints": {
    "no_illegal_actions": [
      "Do NOT include instructions to bypass bookmaker security or ToS.",
      "Auto-betting must be optional and disabled by default."
    ],
    "safety": [
      "Implement DRY_RUN mode default true",
      "Require explicit flag to enable any execution module"
    ]
  },
  "deliverable_format": {
    "output": "Multiple files",
    "must_include": [
      "README.md with step-by-step run instructions",
      "requirements.txt",
      ".env.example",
      "src/ package with modules",
      "tests/ with pytest tests",
      "logs/ ignored by git"
    ]
  },
  "task": {
    "id": "T020_features",
    "goal": "Build feature engineering pipeline with leakage-safe rolling stats",
    "inputs": {
      "features": [
        "rolling goals for/against last 5",
        "points last 5",
        "home advantage flag",
        "optional elo feature placeholder"
      ],
      "leakage_rule": "Only use matches strictly before current match date"
    },
    "outputs": [
      "src/features/build_features.py"
    ],
    "acceptance_tests": [
      "For a given match row, features computed only from earlier games",
      "Unit test checks leakage with synthetic timestamps"
    ]
  }
}