{
  "project_name": "stavki_value_system",
  "language": "python",
  "style_rules": {
    "code_quality": [
      "type hints everywhere",
      "no hardcoded secrets",
      "use dataclasses for configs",
      "write unit tests for core math",
      "log every step"
    ],
    "runtime": [
      "python 3.11+",
      "works on macOS and Ubuntu",
      "no GPU required for MVP"
    ]
  },
  "global_constraints": {
    "no_illegal_actions": [
      "Do NOT include instructions to bypass bookmaker security or ToS.",
      "Auto-betting must be optional and disabled by default."
    ],
    "safety": [
      "Implement DRY_RUN mode default true",
      "Require explicit flag to enable any execution module"
    ]
  },
  "deliverable_format": {
    "output": "Multiple files",
    "must_include": [
      "README.md with step-by-step run instructions",
      "requirements.txt",
      ".env.example",
      "src/ package with modules",
      "tests/ with pytest tests",
      "logs/ ignored by git"
    ]
  },
  "task": {
    "id": "T030_model_A",
    "goal": "Implement Model A: Poisson baseline for 1X2 probabilities",
    "inputs": {
      "max_goals": 10,
      "parameters": [
        "league_avg_home_goals",
        "league_avg_away_goals",
        "team_attack_strength",
        "team_defense_strength"
      ]
    },
    "outputs": [
      "src/models/model_a_poisson.py",
      "tests/test_model_a_poisson.py"
    ],
    "acceptance_tests": [
      "Probabilities sum to ~1",
      "Favorite vs underdog produces higher win prob",
      "Deterministic given same inputs"
    ]
  }
}