{
  "project_name": "stavki_value_system",
  "language": "python",
  "style_rules": {
    "code_quality": [
      "type hints everywhere",
      "no hardcoded secrets",
      "use dataclasses for configs",
      "write unit tests for core math",
      "log every step"
    ],
    "runtime": [
      "python 3.11+",
      "works on macOS and Ubuntu",
      "no GPU required for MVP"
    ]
  },
  "global_constraints": {
    "no_illegal_actions": [
      "Do NOT include instructions to bypass bookmaker security or ToS.",
      "Auto-betting must be optional and disabled by default."
    ],
    "safety": [
      "Implement DRY_RUN mode default true",
      "Require explicit flag to enable any execution module"
    ]
  },
  "deliverable_format": {
    "output": "Multiple files",
    "must_include": [
      "README.md with step-by-step run instructions",
      "requirements.txt",
      ".env.example",
      "src/ package with modules",
      "tests/ with pytest tests",
      "logs/ ignored by git"
    ]
  },
  "task": {
    "id": "T060_ev_and_staking",
    "goal": "Implement EV calculation, filtering, and fractional Kelly staking with caps",
    "inputs": {
      "ev_threshold": 0.08,
      "kelly_fraction": 0.5,
      "max_stake_frac": 0.05
    },
    "outputs": [
      "src/strategy/ev.py",
      "src/strategy/staking.py",
      "tests/test_kelly.py"
    ],
    "acceptance_tests": [
      "EV = p*odds - 1",
      "Kelly stake non-negative and capped",
      "Edge cases: odds<=1 handled"
    ]
  }
}