{
  "project_name": "stavki_value_system",
  "language": "python",
  "style_rules": {
    "code_quality": [
      "type hints everywhere",
      "no hardcoded secrets",
      "use dataclasses for configs",
      "write unit tests for core math",
      "log every step"
    ],
    "runtime": [
      "python 3.11+",
      "works on macOS and Ubuntu",
      "no GPU required for MVP"
    ]
  },
  "global_constraints": {
    "no_illegal_actions": [
      "Do NOT include instructions to bypass bookmaker security or ToS.",
      "Auto-betting must be optional and disabled by default."
    ],
    "safety": [
      "Implement DRY_RUN mode default true",
      "Require explicit flag to enable any execution module"
    ]
  },
  "deliverable_format": {
    "output": "Multiple files",
    "must_include": [
      "README.md with step-by-step run instructions",
      "requirements.txt",
      ".env.example",
      "src/ package with modules",
      "tests/ with pytest tests",
      "logs/ ignored by git"
    ]
  },
  "task": {
    "id": "T080_notifications",
    "goal": "Send Telegram alerts for found value bets (optional)",
    "inputs": {
      "env_vars": [
        "TELEGRAM_BOT_TOKEN",
        "TELEGRAM_CHAT_ID"
      ]
    },
    "outputs": [
      "src/notify/telegram.py"
    ],
    "acceptance_tests": [
      "If env vars missing -> degrade gracefully",
      "Message format includes match, market, odds, p, EV, stake"
    ]
  }
}