date,league,home_team,away_team,home_goals,away_goals,odds_1,odds_x,odds_2
2023-08-11,E0,Burnley,Man City,0,3,8.0,5.5,1.33
2023-08-12,E0,Arsenal,Nott'm Forest,2,1,1.18,7.0,15.0
2023-08-12,E0,Bournemouth,West Ham,1,1,2.7,3.4,2.55
2023-08-12,E0,Brighton,Luton,4,1,1.33,5.5,9.0
2023-08-12,E0,Everton,Fulham,0,1,2.2,3.4,3.3
2023-08-12,E0,Sheffield United,Crystal Palace,0,1,3.0,3.3,2.38
2023-08-12,E0,Newcastle,Aston Villa,5,1,1.75,3.75,4.6
2023-08-13,E0,Brentford,Tottenham,2,2,2.75,3.4,2.45
2023-08-13,E0,Chelsea,Liverpool,1,1,2.9,3.4,2.38
2023-08-14,E0,Man United,Wolves,1,0,1.33,5.5,9.0
2023-08-18,E0,Nott'm Forest,Sheffield United,2,1,1.95,3.4,4.0
2023-08-19,E0,Fulham,Brentford,0,3,2.7,3.3,2.63
2023-08-19,E0,Liverpool,Bournemouth,3,1,1.2,7.0,13.0
2023-08-19,E0,Wolves,Brighton,1,4,4.0,3.8,1.85
2023-08-19,E0,Tottenham,Man United,2,0,2.8,3.6,2.38
2023-08-19,E0,Man City,Newcastle,1,0,1.67,4.0,5.0
2023-08-20,E0,Aston Villa,Everton,4,0,1.7,4.0,4.5
2023-08-20,E0,West Ham,Chelsea,3,1,3.75,3.5,2.0
2023-08-21,E0,Crystal Palace,Arsenal,0,1,5.5,4.0,1.6
2023-08-25,E0,Chelsea,Luton,3,0,1.29,5.5,11.0
2023-08-26,E0,Bournemouth,Tottenham,0,2,3.8,3.75,1.91
2023-08-26,E0,Arsenal,Fulham,2,2,1.2,7.0,13.0
2023-08-26,E0,Brentford,Crystal Palace,1,1,2.15,3.4,3.5
2023-08-26,E0,Everton,Wolves,0,1,2.3,3.3,3.2
2023-08-26,E0,Man United,Nott'm Forest,3,2,1.3,6.0,8.0
2023-08-26,E0,Brighton,West Ham,1,3,1.53,4.75,5.25
2023-08-27,E0,Burnley,Aston Villa,1,3,3.4,3.4,2.15
2023-08-27,E0,Sheffield United,Man City,1,2,13.0,8.0,1.17
2023-08-27,E0,Newcastle,Liverpool,1,2,2.2,3.75,3.0
2023-09-01,E0,Luton,West Ham,1,2,4.75,3.8,1.73
2023-09-02,E0,Sheffield United,Everton,2,2,2.9,3.25,2.5
2023-09-02,E0,Brentford,Bournemouth,2,2,1.73,3.8,4.75
2023-09-02,E0,Burnley,Tottenham,2,5,3.6,4.0,1.85
2023-09-02,E0,Chelsea,Nott'm Forest,0,1,1.4,4.5,8.5
2023-09-02,E0,Man City,Fulham,5,1,1.17,8.0,15.0
2023-09-02,E0,Brighton,Newcastle,3,1,2.5,3.8,2.55
2023-09-03,E0,Crystal Palace,Wolves,3,2,1.91,3.3,4.33
2023-09-03,E0,Liverpool,Aston Villa,3,0,1.65,4.5,4.5
2023-09-03,E0,Arsenal,Man United,3,1,1.75,3.8,4.5
2023-09-16,E0,Wolves,Liverpool,1,3,6.0,5.0,1.45
2023-09-16,E0,Aston Villa,Crystal Palace,3,1,1.91,3.6,4.0
2023-09-16,E0,Fulham,Luton,1,0,1.67,3.75,5.5
2023-09-16,E0,Man United,Brighton,1,3,2.15,4.0,2.88
2023-09-16,E0,Tottenham,Sheffield United,2,1,1.29,5.5,11.0
2023-09-16,E0,West Ham,Man City,1,3,7.0,4.5,1.45
2023-09-16,E0,Newcastle,Brentford,1,0,1.53,4.2,6.0
2023-09-17,E0,Bournemouth,Chelsea,0,0,4.33,3.75,1.8
2023-09-17,E0,Everton,Arsenal,0,1,6.0,4.5,1.5
2023-09-18,E0,Nott'm Forest,Burnley,1,1,2.2,3.5,3.25
2023-09-23,E0,Crystal Palace,Fulham,0,0,1.91,3.4,4.2
2023-09-23,E0,Luton,Wolves,1,1,3.25,3.4,2.2
2023-09-23,E0,Man City,Nott'm Forest,2,0,1.14,8.5,15.0
2023-09-23,E0,Brentford,Everton,1,3,1.8,3.8,4.2
2023-09-23,E0,Burnley,Man United,0,1,4.2,4.2,1.73
2023-09-24,E0,Arsenal,Tottenham,2,2,1.67,4.33,4.33
2023-09-24,E0,Brighton,Bournemouth,3,1,1.36,5.25,7.5
2023-09-24,E0,Chelsea,Aston Villa,0,1,1.91,3.75,3.8
2023-09-24,E0,Liverpool,West Ham,3,1,1.4,5.0,7.0
2023-09-24,E0,Sheffield United,Newcastle,0,8,7.0,4.75,1.44
2023-09-30,E0,Aston Villa,Brighton,6,1,2.55,3.75,2.55
2023-09-30,E0,Bournemouth,Arsenal,0,4,5.5,4.5,1.53
2023-09-30,E0,Everton,Luton,1,2,1.57,3.8,6.5
2023-09-30,E0,Man United,Crystal Palace,0,1,1.55,4.2,5.75
2023-09-30,E0,Newcastle,Burnley,2,0,1.3,5.75,9.0
2023-09-30,E0,West Ham,Sheffield United,2,0,1.45,4.5,7.0
2023-09-30,E0,Wolves,Man City,2,1,8.0,5.75,1.33
2023-09-30,E0,Tottenham,Liverpool,2,1,2.9,4.0,2.15
2023-10-01,E0,Nott'm Forest,Brentford,1,1,2.75,3.1,2.7
2023-10-02,E0,Fulham,Chelsea,0,2,3.6,3.5,2.05
2023-10-03,E0,Luton,Burnley,1,2,2.9,3.0,2.63
2023-10-07,E0,Luton,Tottenham,0,1,6.0,4.75,1.45
2023-10-07,E0,Burnley,Chelsea,1,4,4.5,3.8,1.73
2023-10-07,E0,Everton,Bournemouth,3,0,1.91,3.6,3.8
2023-10-07,E0,Fulham,Sheffield United,3,1,1.62,3.8,6.0
2023-10-07,E0,Man United,Brentford,2,1,1.67,4.2,4.75
2023-10-07,E0,Crystal Palace,Nott'm Forest,0,0,2.2,3.1,3.6
2023-10-08,E0,Brighton,Liverpool,2,2,3.0,3.8,2.2
2023-10-08,E0,West Ham,Newcastle,2,2,3.2,3.75,2.1
2023-10-08,E0,Wolves,Aston Villa,1,1,3.5,3.4,2.1
2023-10-08,E0,Arsenal,Man City,1,0,2.9,3.3,2.4
2023-10-21,E0,Liverpool,Everton,2,0,1.33,5.75,7.5
2023-10-21,E0,Bournemouth,Wolves,1,2,2.38,3.4,3.0
2023-10-21,E0,Brentford,Burnley,3,0,1.83,3.75,4.2
2023-10-21,E0,Man City,Brighton,2,1,1.4,5.25,6.5
2023-10-21,E0,Newcastle,Crystal Palace,4,0,1.45,4.5,7.0
2023-10-21,E0,Nott'm Forest,Luton,2,2,1.67,3.75,5.5
2023-10-21,E0,Chelsea,Arsenal,2,2,3.2,3.4,2.25
2023-10-21,E0,Sheffield United,Man United,1,2,6.5,5.25,1.4
2023-10-22,E0,Aston Villa,West Ham,4,1,1.85,3.6,4.0
2023-10-23,E0,Tottenham,Fulham,2,0,1.5,4.5,6.0
2023-10-27,E0,Crystal Palace,Tottenham,1,2,4.5,3.75,1.75
2023-10-28,E0,Chelsea,Brentford,0,2,1.65,4.0,5.25
2023-10-28,E0,Arsenal,Sheffield United,5,0,1.13,8.5,19.0
2023-10-28,E0,Bournemouth,Burnley,2,1,2.15,3.5,3.3
2023-10-28,E0,Wolves,Newcastle,2,2,4.2,4.0,1.75
2023-10-29,E0,West Ham,Everton,0,1,2.15,3.5,3.3
2023-10-29,E0,Aston Villa,Luton,3,1,1.25,6.5,9.5
2023-10-29,E0,Brighton,Fulham,1,1,1.55,4.2,5.5
2023-10-29,E0,Liverpool,Nott'm Forest,3,0,1.29,5.75,11.0
2023-10-29,E0,Man United,Man City,0,3,5.0,3.8,1.67
2023-11-04,E0,Fulham,Man United,0,1,3.2,3.6,2.2
2023-11-04,E0,Brentford,West Ham,3,2,2.05,3.6,3.5
2023-11-04,E0,Burnley,Crystal Palace,0,2,2.75,3.25,2.6
2023-11-04,E0,Everton,Brighton,1,1,3.1,3.6,2.2
2023-11-04,E0,Man City,Bournemouth,6,1,1.1,11.0,19.0
2023-11-04,E0,Sheffield United,Wolves,2,1,3.8,3.5,2.0
2023-11-04,E0,Newcastle,Arsenal,1,0,2.8,3.2,2.6
2023-11-05,E0,Nott'm Forest,Aston Villa,2,0,4.2,3.75,1.85
2023-11-05,E0,Luton,Liverpool,1,1,12.0,6.5,1.22
2023-11-06,E0,Tottenham,Chelsea,1,4,2.0,3.75,3.5
2023-11-11,E0,Wolves,Tottenham,2,1,3.1,3.75,2.2
2023-11-11,E0,Arsenal,Burnley,3,1,1.18,7.0,17.0
2023-11-11,E0,Crystal Palace,Everton,2,3,2.45,3.2,3.0
2023-11-11,E0,Man United,Luton,1,0,1.33,5.25,9.5
2023-11-11,E0,Bournemouth,Newcastle,2,0,4.75,4.0,1.73
2023-11-12,E0,Aston Villa,Fulham,3,1,1.57,4.2,5.5
2023-11-12,E0,Brighton,Sheffield United,1,1,1.25,5.75,13.0
2023-11-12,E0,Liverpool,Brentford,3,0,1.4,5.0,6.5
2023-11-12,E0,West Ham,Nott'm Forest,3,2,1.85,3.6,4.0
2023-11-12,E0,Chelsea,Man City,4,4,5.0,3.7,1.73
2023-11-25,E0,Man City,Liverpool,1,1,1.73,4.2,4.2
2023-11-25,E0,Burnley,West Ham,1,2,3.4,3.5,2.05
2023-11-25,E0,Luton,Crystal Palace,2,1,3.6,3.3,2.1
2023-11-25,E0,Newcastle,Chelsea,4,1,2.55,3.5,2.63
2023-11-25,E0,Nott'm Forest,Brighton,2,3,3.2,3.6,2.15
2023-11-25,E0,Sheffield United,Bournemouth,1,3,3.2,3.5,2.2
2023-11-25,E0,Brentford,Arsenal,0,1,4.5,3.75,1.75
2023-11-26,E0,Tottenham,Aston Villa,1,2,2.3,3.8,2.8
2023-11-26,E0,Everton,Man United,0,3,2.7,3.4,2.55
2023-11-27,E0,Fulham,Wolves,3,2,2.38,3.3,3.0
2023-12-02,E0,Arsenal,Wolves,2,1,1.25,5.5,12.0
2023-12-02,E0,Brentford,Luton,3,1,1.45,4.5,6.5
2023-12-02,E0,Burnley,Sheffield United,5,0,1.8,3.6,4.5
2023-12-02,E0,Nott'm Forest,Everton,0,1,2.75,3.25,2.6
2023-12-02,E0,Newcastle,Man United,1,0,1.91,3.75,3.8
2023-12-03,E0,Bournemouth,Aston Villa,2,2,3.4,4.0,1.95
2023-12-03,E0,Chelsea,Brighton,3,2,1.73,4.2,4.2
2023-12-03,E0,Liverpool,Fulham,4,3,1.25,6.5,9.0
2023-12-03,E0,West Ham,Crystal Palace,1,1,2.0,3.5,3.8
2023-12-03,E0,Man City,Tottenham,3,3,1.29,6.0,9.0
2023-12-05,E0,Wolves,Burnley,1,0,1.85,3.6,4.2
2023-12-05,E0,Luton,Arsenal,3,4,17.0,7.0,1.18
2023-12-06,E0,Brighton,Brentford,2,1,1.91,3.8,3.75
2023-12-06,E0,Crystal Palace,Bournemouth,0,2,2.25,3.5,3.1
2023-12-06,E0,Fulham,Nott'm Forest,5,0,2.0,3.4,3.75
2023-12-06,E0,Sheffield United,Liverpool,0,2,12.0,7.5,1.2
2023-12-06,E0,Aston Villa,Man City,1,0,4.75,4.2,1.7
2023-12-06,E0,Man United,Chelsea,2,1,2.88,3.4,2.45
2023-12-07,E0,Everton,Newcastle,3,0,3.25,3.25,2.25
2023-12-07,E0,Tottenham,West Ham,1,2,1.75,4.2,4.2
2023-12-09,E0,Crystal Palace,Liverpool,1,2,6.0,4.5,1.5
2023-12-09,E0,Brighton,Burnley,1,1,1.5,4.75,6.0
2023-12-09,E0,Man United,Bournemouth,0,3,1.55,4.33,5.75
2023-12-09,E0,Sheffield United,Brentford,1,0,4.2,3.8,1.75
2023-12-09,E0,Wolves,Nott'm Forest,1,1,1.85,3.6,4.33
2023-12-09,E0,Aston Villa,Arsenal,1,0,3.3,3.6,2.1
2023-12-10,E0,Everton,Chelsea,2,0,3.1,3.5,2.25
2023-12-10,E0,Fulham,West Ham,5,0,2.38,3.5,2.9
2023-12-10,E0,Luton,Man City,1,2,17.0,8.0,1.14
2023-12-10,E0,Tottenham,Newcastle,4,1,2.15,3.8,3.1
2023-12-15,E0,Nott'm Forest,Tottenham,0,2,4.2,4.2,1.73
2023-12-16,E0,Chelsea,Sheffield United,2,0,1.22,6.5,13.0
2023-12-16,E0,Man City,Crystal Palace,2,2,1.18,8.0,13.0
2023-12-16,E0,Newcastle,Fulham,3,0,1.8,3.8,4.0
2023-12-16,E0,Burnley,Everton,0,2,3.6,3.4,2.1
2023-12-17,E0,Arsenal,Brighton,2,0,1.44,5.0,6.0
2023-12-17,E0,Brentford,Aston Villa,1,2,3.2,3.75,2.1
2023-12-17,E0,West Ham,Wolves,3,0,2.15,3.5,3.3
2023-12-17,E0,Liverpool,Man United,0,0,1.3,6.0,8.0
2023-12-21,E0,Crystal Palace,Brighton,1,1,3.3,3.3,2.15
2023-12-22,E0,Aston Villa,Sheffield United,1,1,1.22,6.5,12.0
2023-12-23,E0,West Ham,Man United,2,0,2.6,3.6,2.6
2023-12-23,E0,Fulham,Burnley,0,2,1.67,3.75,5.25
2023-12-23,E0,Luton,Newcastle,1,0,4.75,4.2,1.65
2023-12-23,E0,Nott'm Forest,Bournemouth,2,3,2.75,3.4,2.55
2023-12-23,E0,Tottenham,Everton,2,1,1.75,4.2,4.0
2023-12-23,E0,Liverpool,Arsenal,1,1,2.38,3.6,2.8
2023-12-24,E0,Wolves,Chelsea,2,1,3.75,3.75,1.91
2023-12-26,E0,Newcastle,Nott'm Forest,1,3,1.5,4.33,5.75
2023-12-26,E0,Bournemouth,Fulham,3,0,2.15,3.6,3.2
2023-12-26,E0,Sheffield United,Luton,2,3,2.3,3.3,3.1
2023-12-26,E0,Burnley,Liverpool,0,2,6.5,5.25,1.4
2023-12-26,E0,Man United,Aston Villa,3,2,2.6,3.5,2.6
2023-12-27,E0,Brentford,Wolves,1,4,1.95,3.5,4.2
2023-12-27,E0,Chelsea,Crystal Palace,2,1,1.67,4.0,5.0
2023-12-27,E0,Everton,Man City,1,3,5.75,4.0,1.57
2023-12-28,E0,Brighton,Tottenham,4,2,2.5,3.6,2.6
2023-12-28,E0,Arsenal,West Ham,0,2,1.33,5.5,7.5
2023-12-30,E0,Luton,Chelsea,2,3,6.5,4.2,1.5
2023-12-30,E0,Aston Villa,Burnley,3,2,1.36,5.25,7.5
2023-12-30,E0,Crystal Palace,Brentford,3,1,2.2,3.3,3.4
2023-12-30,E0,Man City,Sheffield United,2,0,1.08,11.0,29.0
2023-12-30,E0,Wolves,Everton,3,0,2.63,3.3,2.7
2023-12-30,E0,Nott'm Forest,Man United,2,1,3.2,3.6,2.15
2023-12-31,E0,Fulham,Arsenal,2,1,5.25,4.5,1.55
2023-12-31,E0,Tottenham,Bournemouth,3,1,1.75,4.2,4.0
2024-01-01,E0,Liverpool,Newcastle,4,2,1.45,4.5,7.0
2024-01-02,E0,West Ham,Brighton,0,0,2.45,3.75,2.75
2024-01-12,E0,Burnley,Luton,1,1,2.0,3.6,3.6
2024-01-13,E0,Chelsea,Fulham,1,0,1.6,4.2,5.25
2024-01-13,E0,Newcastle,Man City,2,3,5.5,4.33,1.55
2024-01-14,E0,Everton,Aston Villa,0,0,2.8,3.5,2.45
2024-01-14,E0,Man United,Tottenham,2,2,2.2,3.75,3.0
2024-01-20,E0,Arsenal,Crystal Palace,5,0,1.3,5.75,9.0
2024-01-20,E0,Brentford,Nott'm Forest,3,2,1.91,3.6,4.0
2024-01-21,E0,Sheffield United,West Ham,2,2,3.4,3.3,2.2
2024-01-21,E0,Bournemouth,Liverpool,0,4,4.2,4.5,1.7
2024-01-22,E0,Brighton,Wolves,0,0,1.65,4.33,5.0
2024-01-30,E0,Nott'm Forest,Arsenal,1,2,7.5,5.0,1.4
2024-01-30,E0,Fulham,Everton,0,0,2.45,3.2,3.0
2024-01-30,E0,Luton,Brighton,4,0,4.2,4.2,1.75
2024-01-30,E0,Crystal Palace,Sheffield United,3,2,1.62,3.6,6.5
2024-01-30,E0,Aston Villa,Newcastle,1,3,1.85,4.0,3.8
2024-01-31,E0,Man City,Burnley,3,1,1.08,12.0,21.0
2024-01-31,E0,Tottenham,Brentford,3,2,1.67,4.2,4.75
2024-01-31,E0,Liverpool,Chelsea,4,1,1.57,4.33,5.25
2024-02-01,E0,West Ham,Bournemouth,1,1,2.4,3.75,2.75
2024-02-01,E0,Wolves,Man United,3,4,2.63,3.6,2.55
2024-02-03,E0,Everton,Tottenham,2,2,3.0,3.6,2.25
2024-02-03,E0,Brighton,Crystal Palace,4,1,1.7,4.0,4.75
2024-02-03,E0,Burnley,Fulham,2,2,2.9,3.4,2.38
2024-02-03,E0,Newcastle,Luton,4,4,1.44,4.75,6.5
2024-02-03,E0,Sheffield United,Aston Villa,0,5,5.25,4.2,1.62
2024-02-04,E0,Bournemouth,Nott'm Forest,1,1,1.7,4.2,4.5
2024-02-04,E0,Chelsea,Wolves,2,4,1.62,4.0,5.5
2024-02-04,E0,Man United,West Ham,3,0,1.62,4.2,5.0
2024-02-04,E0,Arsenal,Liverpool,3,1,2.2,3.6,3.1
2024-02-05,E0,Brentford,Man City,1,3,7.0,4.75,1.4
2024-02-10,E0,Man City,Everton,2,0,1.18,8.0,13.0
2024-02-10,E0,Fulham,Bournemouth,3,1,2.38,3.5,2.8
2024-02-10,E0,Liverpool,Burnley,3,1,1.17,8.0,17.0
2024-02-10,E0,Luton,Sheffield United,1,3,1.75,3.75,4.75
2024-02-10,E0,Tottenham,Brighton,2,1,1.8,4.2,3.8
2024-02-10,E0,Wolves,Brentford,0,2,2.1,3.6,3.4
2024-02-10,E0,Nott'm Forest,Newcastle,2,3,3.3,3.75,2.05
2024-02-11,E0,West Ham,Arsenal,0,6,6.0,4.33,1.53
2024-02-11,E0,Aston Villa,Man United,1,2,2.15,3.75,3.1
2024-02-12,E0,Crystal Palace,Chelsea,1,3,4.2,3.8,1.85
2024-02-17,E0,Brentford,Liverpool,1,4,5.5,4.33,1.57
2024-02-17,E0,Burnley,Arsenal,0,5,10.0,5.75,1.29
2024-02-17,E0,Fulham,Aston Villa,1,2,2.9,3.75,2.2
2024-02-17,E0,Newcastle,Bournemouth,2,2,1.83,4.2,3.75
2024-02-17,E0,Nott'm Forest,West Ham,2,0,2.38,3.5,2.9
2024-02-17,E0,Tottenham,Wolves,1,2,1.53,4.75,5.25
2024-02-17,E0,Man City,Chelsea,1,1,1.33,5.5,8.0
2024-02-18,E0,Sheffield United,Brighton,0,5,5.0,4.2,1.62
2024-02-18,E0,Luton,Man United,1,2,4.0,4.0,1.8
2024-02-19,E0,Everton,Crystal Palace,1,1,1.7,3.6,5.25
2024-02-20,E0,Man City,Brentford,1,0,1.18,8.0,13.0
2024-02-21,E0,Liverpool,Luton,4,1,1.2,7.0,13.0
2024-02-24,E0,Aston Villa,Nott'm Forest,4,2,1.53,4.5,5.75
2024-02-24,E0,Brighton,Everton,1,1,1.83,3.8,4.2
2024-02-24,E0,Crystal Palace,Burnley,3,0,1.95,3.5,4.0
2024-02-24,E0,Man United,Fulham,1,2,1.57,4.33,5.5
2024-02-24,E0,Bournemouth,Man City,0,1,7.0,5.25,1.4
2024-02-24,E0,Arsenal,Newcastle,4,1,1.36,5.25,8.0
2024-02-25,E0,Wolves,Sheffield United,1,0,1.44,4.75,7.0
2024-02-26,E0,West Ham,Brentford,4,2,2.5,3.5,2.75
2024-03-02,E0,Brentford,Chelsea,2,2,3.1,3.75,2.15
2024-03-02,E0,Everton,West Ham,1,3,2.05,3.6,3.5
2024-03-02,E0,Fulham,Brighton,3,0,2.55,3.6,2.63
2024-03-02,E0,Newcastle,Wolves,3,0,1.91,4.0,3.6
2024-03-02,E0,Nott'm Forest,Liverpool,0,1,6.0,4.33,1.53
2024-03-02,E0,Tottenham,Crystal Palace,3,1,1.5,4.33,6.5
2024-03-02,E0,Luton,Aston Villa,2,3,4.33,4.2,1.73
2024-03-03,E0,Burnley,Bournemouth,0,2,3.75,3.6,1.95
2024-03-03,E0,Man City,Man United,3,1,1.25,5.75,11.0
2024-03-04,E0,Sheffield United,Arsenal,0,6,17.0,7.0,1.18
2024-03-09,E0,Man United,Everton,2,0,1.83,3.6,4.0
2024-03-09,E0,Bournemouth,Sheffield United,2,2,1.33,5.25,8.0
2024-03-09,E0,Crystal Palace,Luton,1,1,1.75,3.8,4.2
2024-03-09,E0,Wolves,Fulham,2,1,2.5,3.4,2.75
2024-03-09,E0,Arsenal,Brentford,2,1,1.22,7.0,11.0
2024-03-10,E0,Aston Villa,Tottenham,0,4,2.38,4.0,2.6
2024-03-10,E0,Brighton,Nott'm Forest,1,0,1.8,4.0,4.0
2024-03-10,E0,West Ham,Burnley,2,2,1.67,4.0,4.75
2024-03-10,E0,Liverpool,Man City,1,1,3.0,3.75,2.2
2024-03-11,E0,Chelsea,Newcastle,3,2,1.91,4.0,3.6
2024-03-13,E0,Bournemouth,Luton,4,3,1.5,4.75,5.75
2024-03-16,E0,Burnley,Brentford,2,1,3.25,3.6,2.15
2024-03-16,E0,Luton,Nott'm Forest,1,1,2.8,3.5,2.45
2024-03-16,E0,Fulham,Tottenham,3,0,3.5,3.8,1.95
2024-03-17,E0,West Ham,Aston Villa,1,1,2.63,3.75,2.45
2024-03-30,E0,Newcastle,West Ham,4,3,1.83,4.2,3.8
2024-03-30,E0,Bournemouth,Everton,2,1,2.2,3.6,3.2
2024-03-30,E0,Chelsea,Burnley,2,2,1.29,6.0,9.5
2024-03-30,E0,Nott'm Forest,Crystal Palace,1,1,2.2,3.3,3.4
2024-03-30,E0,Sheffield United,Fulham,3,3,4.5,4.0,1.73
2024-03-30,E0,Tottenham,Luton,2,1,1.2,8.0,11.0
2024-03-30,E0,Aston Villa,Wolves,2,0,1.6,4.33,5.0
2024-03-30,E0,Brentford,Man United,1,1,3.0,3.8,2.2
2024-03-31,E0,Liverpool,Brighton,2,1,1.36,5.5,7.5
2024-03-31,E0,Man City,Arsenal,0,0,1.91,3.8,3.8
2024-04-02,E0,Newcastle,Everton,1,1,2.0,3.75,3.5
2024-04-02,E0,Nott'm Forest,Fulham,3,1,2.7,3.4,2.63
2024-04-02,E0,Bournemouth,Crystal Palace,1,0,1.95,3.8,3.6
2024-04-02,E0,Burnley,Wolves,1,1,2.45,3.6,2.75
2024-04-02,E0,West Ham,Tottenham,1,1,3.3,4.2,1.95
2024-04-03,E0,Arsenal,Luton,2,0,1.1,10.0,19.0
2024-04-03,E0,Brentford,Brighton,0,0,2.38,3.8,2.75
2024-04-03,E0,Man City,Aston Villa,4,1,1.3,6.0,8.0
2024-04-04,E0,Liverpool,Sheffield United,3,1,1.09,12.0,21.0
2024-04-04,E0,Chelsea,Man United,4,3,2.0,4.0,3.4
2024-04-06,E0,Crystal Palace,Man City,2,4,9.5,5.25,1.33
2024-04-06,E0,Aston Villa,Brentford,3,3,1.7,4.0,4.75
2024-04-06,E0,Everton,Burnley,1,0,1.65,4.0,5.25
2024-04-06,E0,Fulham,Newcastle,0,1,2.38,3.8,2.8
2024-04-06,E0,Luton,Bournemouth,2,1,3.75,3.8,1.91
2024-04-06,E0,Wolves,West Ham,1,2,2.5,3.6,2.7
2024-04-06,E0,Brighton,Arsenal,0,3,5.0,4.33,1.62
2024-04-07,E0,Man United,Liverpool,2,2,4.75,4.5,1.6
2024-04-07,E0,Sheffield United,Chelsea,2,2,7.0,5.25,1.4
2024-04-07,E0,Tottenham,Nott'm Forest,3,1,1.4,5.5,6.5
2024-04-13,E0,Newcastle,Tottenham,4,0,2.7,4.0,2.3
2024-04-13,E0,Brentford,Sheffield United,2,0,1.44,5.0,6.5
2024-04-13,E0,Burnley,Brighton,1,1,3.5,3.75,2.0
2024-04-13,E0,Man City,Luton,5,1,1.1,11.0,19.0
2024-04-13,E0,Nott'm Forest,Wolves,2,2,2.1,3.4,3.5
2024-04-13,E0,Bournemouth,Man United,2,2,2.4,3.9,2.6
2024-04-14,E0,Liverpool,Crystal Palace,0,1,1.22,7.0,12.0
2024-04-14,E0,West Ham,Fulham,0,2,2.38,3.6,2.8
2024-04-14,E0,Arsenal,Aston Villa,0,2,1.29,5.75,10.0
2024-04-15,E0,Chelsea,Everton,6,0,1.7,4.2,4.5
2024-04-20,E0,Luton,Brentford,1,5,3.1,3.75,2.15
2024-04-20,E0,Sheffield United,Burnley,1,4,2.75,3.6,2.45
2024-04-20,E0,Wolves,Arsenal,0,2,8.5,4.5,1.4
2024-04-21,E0,Everton,Nott'm Forest,2,0,2.05,3.5,3.6
2024-04-21,E0,Aston Villa,Bournemouth,3,1,1.85,4.0,3.6
2024-04-21,E0,Crystal Palace,West Ham,5,2,2.1,3.6,3.4
2024-04-21,E0,Fulham,Liverpool,1,3,5.25,4.5,1.57
2024-04-23,E0,Arsenal,Chelsea,5,0,1.44,5.0,6.0
2024-04-24,E0,Wolves,Bournemouth,0,1,2.7,3.6,2.5
2024-04-24,E0,Crystal Palace,Newcastle,2,0,2.75,3.6,2.4
2024-04-24,E0,Everton,Liverpool,2,0,7.0,5.0,1.4
2024-04-24,E0,Man United,Sheffield United,4,2,1.3,6.5,7.5
2024-04-25,E0,Brighton,Man City,0,4,6.5,5.0,1.4
2024-04-27,E0,West Ham,Liverpool,2,2,5.5,5.0,1.5
2024-04-27,E0,Fulham,Crystal Palace,1,1,2.1,3.5,3.5
2024-04-27,E0,Man United,Burnley,1,1,1.5,4.75,5.5
2024-04-27,E0,Newcastle,Sheffield United,5,1,1.22,7.0,11.0
2024-04-27,E0,Wolves,Luton,2,1,1.95,3.8,3.6
2024-04-27,E0,Everton,Brentford,1,0,2.3,3.5,3.0
2024-04-27,E0,Aston Villa,Chelsea,2,2,2.15,3.8,3.0
2024-04-28,E0,Bournemouth,Brighton,3,0,2.25,3.8,2.9
2024-04-28,E0,Tottenham,Arsenal,2,3,4.2,4.2,1.75
2024-04-28,E0,Nott'm Forest,Man City,0,2,8.0,6.0,1.3
2024-05-02,E0,Chelsea,Tottenham,2,0,2.15,3.8,3.0
2024-05-03,E0,Luton,Everton,1,1,2.6,3.6,2.55
2024-05-04,E0,Arsenal,Bournemouth,3,0,1.22,7.5,11.0
2024-05-04,E0,Brentford,Fulham,0,0,2.1,3.8,3.2
2024-05-04,E0,Burnley,Newcastle,1,4,3.4,4.0,1.95
2024-05-04,E0,Sheffield United,Nott'm Forest,1,3,4.75,4.2,1.65
2024-05-04,E0,Man City,Wolves,5,1,1.08,12.0,21.0
2024-05-05,E0,Brighton,Aston Villa,1,0,2.75,3.75,2.45
2024-05-05,E0,Chelsea,West Ham,5,0,1.65,4.5,4.5
2024-05-05,E0,Liverpool,Tottenham,4,2,1.5,5.75,5.0
2024-05-06,E0,Crystal Palace,Man United,4,0,2.38,3.75,2.8
2024-05-11,E0,Fulham,Man City,0,4,13.0,7.0,1.2
2024-05-11,E0,Bournemouth,Brentford,1,2,1.95,4.0,3.5
2024-05-11,E0,Everton,Sheffield United,1,0,1.4,4.8,7.5
2024-05-11,E0,Newcastle,Brighton,1,1,1.57,4.75,4.75
2024-05-11,E0,Tottenham,Burnley,2,1,1.36,5.75,7.0
2024-05-11,E0,West Ham,Luton,3,1,1.8,4.2,3.8
2024-05-11,E0,Wolves,Crystal Palace,1,3,2.88,3.5,2.38
2024-05-11,E0,Nott'm Forest,Chelsea,2,3,3.4,3.8,2.0
2024-05-12,E0,Man United,Arsenal,0,1,7.0,5.5,1.36
2024-05-13,E0,Aston Villa,Liverpool,3,3,4.2,4.33,1.7
2024-05-14,E0,Tottenham,Man City,0,2,6.5,6.0,1.36
2024-05-15,E0,Brighton,Chelsea,1,2,3.3,4.0,1.95
2024-05-15,E0,Man United,Newcastle,3,2,2.75,4.0,2.3
2024-05-19,E0,Arsenal,Everton,2,1,1.18,8.0,12.0
2024-05-19,E0,Brentford,Newcastle,2,4,2.9,3.9,2.2
2024-05-19,E0,Brighton,Man United,0,2,2.15,4.0,2.9
2024-05-19,E0,Burnley,Nott'm Forest,1,2,3.0,3.5,2.3
2024-05-19,E0,Chelsea,Bournemouth,2,1,1.45,5.0,6.0
2024-05-19,E0,Crystal Palace,Aston Villa,5,0,1.85,4.33,3.6
2024-05-19,E0,Liverpool,Wolves,2,0,1.17,8.0,15.0
2024-05-19,E0,Luton,Fulham,2,4,2.9,3.9,2.2
2024-05-19,E0,Man City,West Ham,3,1,1.08,12.0,21.0
2024-05-19,E0,Sheffield United,Tottenham,0,3,7.0,6.0,1.33
