[
  {
    "type": "value_bet",
    "key": "Man City vs Liverpool_Home Win",
    "message": "\ud83c\udfaf **VALUE BET DETECTED**\n\n**Match:** Man City vs Liverpool\n**Market:** Home Win\n**Current Odds:** 2.15\n**Model Prob:** 52.3%\n**EV:** +6.7%\n**Recommended Stake:** \u00a350.00\n\n\u26a1 Act fast - odds may change",
    "timestamp": 1769204196.946666
  },
  {
    "type": "performance",
    "key": "performance_drawdown",
    "message": "\u26a0\ufe0f **PERFORMANCE WARNING**\n\n**Current Drawdown:** 22.5%\n**Threshold:** 20.0%\n\n**Recent Performance:**\n- Last 10 bets: 3W-7L\n- Week ROI: -5.2%\n- Week CLV: -1.8%\n\n\ud83d\udcca Consider reviewing strategy",
    "timestamp": 1769204197.082135
  },
  {
    "type": "line_move",
    "key": "Chelsea vs Arsenal_home_line",
    "message": "\ud83d\udcc9 **SHARP LINE MOVE**\n\n**Match:** Chelsea vs Arsenal\n**Outcome:** Home\n**Movement:** 2.50 \u2192 2.10 (-16.0%)\n**Timeframe:** 6 hours\n\n\ud83d\udd0d Investigate before betting",
    "timestamp": 1769204233.609348
  },
  {
    "type": "system_health",
    "key": "system_Odds API",
    "message": "\ud83d\udd27 **SYSTEM ERROR**\n\n**Component:** Odds API\n**Error:** Connection timeout\n**Last Success:** 45 minutes ago\n\n\u26a1 Action required",
    "timestamp": 1769204233.745088
  }
]