[
  {
    "timestamp": "2026-01-23T06:44:03.585031",
    "signal": {
      "match": "Manchester City vs Liverpool",
      "market": "Home Win",
      "odds": 2.15,
      "model_prob": 0.523,
      "ev": 6.7
    },
    "result": {
      "success": true,
      "bets_placed": 1,
      "total_stake": 40.58,
      "accounts_used": [
        "betfair_demo"
      ],
      "results": [
        {
          "success": true,
          "account_id": "betfair_demo",
          "stake": 40.58,
          "odds": 2.15,
          "bet_id": "dry_run_1769147043",
          "simulated": true
        }
      ],
      "timestamp": "2026-01-23T06:44:03.585019"
    }
  },
  {
    "timestamp": "2026-01-23T06:58:23.535473",
    "signal": {
      "match": "Manchester City vs Liverpool",
      "market": "Home Win",
      "odds": 2.15,
      "model_prob": 0.523,
      "ev": 6.7
    },
    "result": {
      "success": true,
      "bets_placed": 1,
      "total_stake": 40.58,
      "accounts_used": [
        "betfair_demo"
      ],
      "results": [
        {
          "success": true,
          "account_id": "betfair_demo",
          "stake": 40.58,
          "odds": 2.15,
          "bet_id": "dry_run_1769147903",
          "simulated": true
        }
      ],
      "timestamp": "2026-01-23T06:58:23.535442"
    }
  }
]