{
  "Manchester City_48": {
    "timestamp": 1769144182.9513931,
    "posts": [
      {
        "text": "Haaland looking sharp in training ahead of big match",
        "timestamp": 1769140582.95139
      },
      {
        "text": "City's recent form has been exceptional",
        "timestamp": 1769136982.951391
      },
      {
        "text": "De Bruyne returns from injury boost for the team",
        "timestamp": 1769133382.951391
      }
    ]
  },
  "Liverpool_48": {
    "timestamp": 1769144182.9516191,
    "posts": [
      {
        "text": "Salah injury concern ahead of weekend fixture",
        "timestamp": 1769142382.951618
      },
      {
        "text": "Liverpool defense struggling in recent games",
        "timestamp": 1769138782.951618
      },
      {
        "text": "Klopp confident team will bounce back",
        "timestamp": 1769135182.951618
      }
    ]
  },
  "Arsenal_48": {
    "timestamp": 1769144182.9517179,
    "posts": [
      {
        "text": "Arsenal on winning streak looking unstoppable",
        "timestamp": 1769141782.9517171
      },
      {
        "text": "Saka fit and ready for crucial match",
        "timestamp": 1769138182.9517171
      },
      {
        "text": "Arteta praises team spirit and confidence",
        "timestamp": 1769132182.9517171
      }
    ]
  },
  "Brentford_48": {
    "timestamp": 1769144288.966233,
    "posts": [
      {
        "text": "Brentford preparing for upcoming match",
        "timestamp": 1769140688.966232
      },
      {
        "text": "Team morale appears good based on recent interviews",
        "timestamp": 1769137088.966232
      }
    ]
  },
  "Man United_48": {
    "timestamp": 1769144288.9667032,
    "posts": [
      {
        "text": "Man United preparing for upcoming match",
        "timestamp": 1769140688.9667032
      },
      {
        "text": "Team morale appears good based on recent interviews",
        "timestamp": 1769137088.9667032
      }
    ]
  },
  "Leeds_48": {
    "timestamp": 1769144288.966887,
    "posts": [
      {
        "text": "Leeds preparing for upcoming match",
        "timestamp": 1769140688.9668858
      },
      {
        "text": "Team morale appears good based on recent interviews",
        "timestamp": 1769137088.9668858
      }
    ]
  },
  "Burnley_48": {
    "timestamp": 1769144288.9670799,
    "posts": [
      {
        "text": "Burnley preparing for upcoming match",
        "timestamp": 1769140688.9670799
      },
      {
        "text": "Team morale appears good based on recent interviews",
        "timestamp": 1769137088.9670799
      }
    ]
  },
  "Brighton_48": {
    "timestamp": 1769144288.967246,
    "posts": [
      {
        "text": "Brighton preparing for upcoming match",
        "timestamp": 1769140688.967246
      },
      {
        "text": "Team morale appears good based on recent interviews",
        "timestamp": 1769137088.967246
      }
    ]
  },
  "Chelsea_48": {
    "timestamp": 1769144288.96744,
    "posts": [
      {
        "text": "Chelsea preparing for upcoming match",
        "timestamp": 1769140688.96744
      },
      {
        "text": "Team morale appears good based on recent interviews",
        "timestamp": 1769137088.96744
      }
    ]
  },
  "Crystal Palace_48": {
    "timestamp": 1769144288.9676108,
    "posts": [
      {
        "text": "Crystal Palace preparing for upcoming match",
        "timestamp": 1769140688.9676108
      },
      {
        "text": "Team morale appears good based on recent interviews",
        "timestamp": 1769137088.9676108
      }
    ]
  },
  "Everton_48": {
    "timestamp": 1769144288.967812,
    "posts": [
      {
        "text": "Everton preparing for upcoming match",
        "timestamp": 1769140688.967811
      },
      {
        "text": "Team morale appears good based on recent interviews",
        "timestamp": 1769137088.967811
      }
    ]
  },
  "Southampton_48": {
    "timestamp": 1769144288.9680011,
    "posts": [
      {
        "text": "Southampton preparing for upcoming match",
        "timestamp": 1769140688.968
      },
      {
        "text": "Team morale appears good based on recent interviews",
        "timestamp": 1769137088.968
      }
    ]
  },
  "Leicester_48": {
    "timestamp": 1769144288.968245,
    "posts": [
      {
        "text": "Leicester preparing for upcoming match",
        "timestamp": 1769140688.968245
      },
      {
        "text": "Team morale appears good based on recent interviews",
        "timestamp": 1769137088.968245
      }
    ]
  },
  "Wolves_48": {
    "timestamp": 1769144288.9684749,
    "posts": [
      {
        "text": "Wolves preparing for upcoming match",
        "timestamp": 1769140688.9684741
      },
      {
        "text": "Team morale appears good based on recent interviews",
        "timestamp": 1769137088.9684741
      }
    ]
  },
  "Watford_48": {
    "timestamp": 1769144288.9687219,
    "posts": [
      {
        "text": "Watford preparing for upcoming match",
        "timestamp": 1769140688.9687219
      },
      {
        "text": "Team morale appears good based on recent interviews",
        "timestamp": 1769137088.9687219
      }
    ]
  },
  "Aston Villa_48": {
    "timestamp": 1769144288.968935,
    "posts": [
      {
        "text": "Aston Villa preparing for upcoming match",
        "timestamp": 1769140688.968935
      },
      {
        "text": "Team morale appears good based on recent interviews",
        "timestamp": 1769137088.968935
      }
    ]
  },
  "Norwich_48": {
    "timestamp": 1769144288.969169,
    "posts": [
      {
        "text": "Norwich preparing for upcoming match",
        "timestamp": 1769140688.969168
      },
      {
        "text": "Team morale appears good based on recent interviews",
        "timestamp": 1769137088.969169
      }
    ]
  },
  "Newcastle_48": {
    "timestamp": 1769144288.969496,
    "posts": [
      {
        "text": "Newcastle preparing for upcoming match",
        "timestamp": 1769140688.969496
      },
      {
        "text": "Team morale appears good based on recent interviews",
        "timestamp": 1769137088.969496
      }
    ]
  },
  "West Ham_48": {
    "timestamp": 1769144288.969763,
    "posts": [
      {
        "text": "West Ham preparing for upcoming match",
        "timestamp": 1769140688.969762
      },
      {
        "text": "Team morale appears good based on recent interviews",
        "timestamp": 1769137088.969762
      }
    ]
  },
  "Tottenham_48": {
    "timestamp": 1769144288.9845572,
    "posts": [
      {
        "text": "Tottenham preparing for upcoming match",
        "timestamp": 1769140688.9845572
      },
      {
        "text": "Team morale appears good based on recent interviews",
        "timestamp": 1769137088.9845572
      }
    ]
  },
  "Man City_48": {
    "timestamp": 1769144288.984923,
    "posts": [
      {
        "text": "Man City preparing for upcoming match",
        "timestamp": 1769140688.984923
      },
      {
        "text": "Team morale appears good based on recent interviews",
        "timestamp": 1769137088.984923
      }
    ]
  },
  "Nott'm Forest_48": {
    "timestamp": 1769144289.031459,
    "posts": [
      {
        "text": "Nott'm Forest preparing for upcoming match",
        "timestamp": 1769140689.0314581
      },
      {
        "text": "Team morale appears good based on recent interviews",
        "timestamp": 1769137089.031459
      }
    ]
  },
  "Fulham_48": {
    "timestamp": 1769144289.032166,
    "posts": [
      {
        "text": "Fulham preparing for upcoming match",
        "timestamp": 1769140689.032165
      },
      {
        "text": "Team morale appears good based on recent interviews",
        "timestamp": 1769137089.032166
      }
    ]
  },
  "Bournemouth_48": {
    "timestamp": 1769144289.0325792,
    "posts": [
      {
        "text": "Bournemouth preparing for upcoming match",
        "timestamp": 1769140689.032578
      },
      {
        "text": "Team morale appears good based on recent interviews",
        "timestamp": 1769137089.032578
      }
    ]
  },
  "Luton_48": {
    "timestamp": 1769144289.077854,
    "posts": [
      {
        "text": "Luton preparing for upcoming match",
        "timestamp": 1769140689.077853
      },
      {
        "text": "Team morale appears good based on recent interviews",
        "timestamp": 1769137089.077853
      }
    ]
  },
  "Sheffield United_48": {
    "timestamp": 1769144289.0785081,
    "posts": [
      {
        "text": "Sheffield United preparing for upcoming match",
        "timestamp": 1769140689.0785081
      },
      {
        "text": "Team morale appears good based on recent interviews",
        "timestamp": 1769137089.0785081
      }
    ]
  }
}