[
    {
        "name": "Meta Model",
        "type": "LogisticRegression (Stacking)",
        "version": "v1_20260123_062321",
        "path": "models/meta_model_v1_20260123_062321.pkl",
        "metrics": {
            "log_loss": 0.920,
            "accuracy": 0.573
        }
    },
    {
        "name": "CatBoost",
        "type": "GradientBoostingClassifier",
        "version": "v1_20260123_025326",
        "path": "models/catboost_v1_20260123_025326.pkl",
        "metrics": {
            "accuracy": 0.594
        }
    },
    {
        "name": "Neural Network",
        "type": "PyTorch Dense Model",
        "version": "v1_20260123_054743",
        "path": "models/neural_v1_20260123_054743.pt",
        "metrics": {
            "note": "Base learner for ensemble"
        }
    },
    {
        "name": "Poisson Model",
        "type": "Statistical (Goal Based)",
        "version": "v1_20260123_042104",
        "path": "models/poisson_v1_20260123_042104.pkl",
        "metrics": {
            "log_loss": 1.006
        }
    }
]